batch,Filename,n
Ihyb_SCH_230822b.txt,SCH_SW_5redo_8222023_10.qgd,317
Ihyb_SCH_230823a.txt,SCH_SW_6_8232023_02.qgd,324
Ihyb_SCH_230823a.txt,SCH_SW_7_8232023_03.qgd,321
Ihyb_SCH_230823a.txt,SCH_SW_8_8232023_04.qgd,323
Ihyb_SCH_230823a.txt,SCH_SW_9_8232023_05.qgd,320
Ihyb_SCH_230823b.txt,SCH_SW_9redo_8232023_10.qgd,324
PFOL_SCH_230822a.txt,SCH_SW_1_8222023_06.qgd,319
PFOL_SCH_230822a.txt,SCH_SW_2_8222023_07.qgd,324
PFOL_SCH_230822a.txt,SCH_SW_3_8222023_08.qgd,306
PFOL_SCH_230822a.txt,SCH_SW_4_8222023_09.qgd,306
PG_Ihyb_220806_1.txt,SCH_AIR_D_2022_862022_17.qgd,313
PG_Ihyb_220806_1.txt,SCH_AIR_N_2022_862022_14.qgd,320
PG_Ihyb_220806_1.txt,SCH_AIRPENT2_D_2022_862022_07.qgd,315
PG_Ihyb_220806_1.txt,SCH_AIRPENT2_N_2022_862022_08.qgd,315
PG_Ihyb_220806_1.txt,SCH_HAW1_D_2022_862022_15.qgd,323
PG_Ihyb_220806_1.txt,SCH_HAW1_N_2022_862022_12.qgd,328
PG_Ihyb_220806_1.txt,SCH_HAW2_D_2022_862022_16.qgd,323
PG_Ihyb_220806_1.txt,SCH_HAW2_N_2022_862022_13.qgd,333
PG_Ihyb_220806_1.txt,SCH_PENT1_D_2022_862022_05.qgd,324
PG_Ihyb_220806_1.txt,SCH_PENT1_N_2022_862022_06.qgd,325
PG_Ihyb_220806_1.txt,SCH_PENT2_D_220322_862022_10.qgd,337
PG_Ihyb_220806_1.txt,SCH_PENT2_N_2022_862022_11.qgd,323
PG_VF_210826.txt,SCH_air_210114_8262021_02.qgd,329
PG_VF_210826.txt,SCH_air_N_210114_8262021_07.qgd,338
PG_VF_210826.txt,SCH_HAW_207_1_n4_N_210114_8262021_05.qgd,335
PG_VF_210826.txt,SCH_HAW_207_1_n5_N_210114_8262021_06.qgd,346
PG_VF_210826.txt,SCH_HAW_701_1_n1_210114_8262021_03.qgd,336
PG_VF_210826.txt,SCH_HAW_701_1_n2_210114_8262021_04.qgd,338
SCH_230829a.txt,SCH_SW_10_230504_8292023_02.qgd,314
SCH_230829a.txt,SCH_SW_11_230504_8292023_03.qgd,308
SCH_230829a.txt,SCH_SW_12_230504_8292023_04.qgd,306
SCH_230829a.txt,SCH_SW_13_230504_8292023_05.qgd,323
SCH_230829a.txt,SCH_SW_14_230504_8292023_06.qgd,319
SCH_230829a.txt,SCH_SW_15_230504_8292023_07.qgd,318
SCH_230829a.txt,SCH_SW_16_230504_8292023_08.qgd,328
SCH_230829a.txt,SCH_SW_17_230504_8292023_09.qgd,306
SCH_230829a.txt,SCH_SW_18_230504_8292023_10.qgd,296
SCH_230829a.txt,SCH_SW_19_230504_8292023_11.qgd,302
SCH_230829a.txt,SCH_SW_20_230504_8292023_12.qgd,313
SCH_230829a.txt,SCH_SW_21_230504_8292023_13.qgd,299
